Ad Type,Ad Placement,Ad Topic,Location,impressions,clicks,expected_conversions,cost,revenue,CTR,CVR,CPA,ROI,ROI_Rank,CPA_Rank,conversion_rate,cpc,conversions_per_dollar,spend_share,efficiency_weight,optimized_spend_share,optimized_budget,expected_clicks_optimized,expected_conversions_optimized,budget_change,conversion_efficiency_rank
Banner,Search Engine,Fashion,Rural,6323.065885756168,229,40.8934,114.5,1635.736,0.0362166082304888,0.1785737991266375,2.7999628301877566,13.285903930131004,198.0,198.0,0.17857379912663757,0.5,0.35714759825327513,0.004552140897706039,0.0040739932760517645,0.004629629629629629,116.44907407407406,232.89814814814812,41.58950712437328,1.949074074074062,198.0
Banner,Search Engine,Fashion,Suburban,6259.956919960606,271,54.1309,135.5,2165.236,0.0432910327443124,0.1997450184501845,2.503191338034284,14.97960147601476,116.0,116.0,0.1997450184501845,0.5,0.399490036900369,0.00538703136802767,0.0045569947331063985,0.004629629629629629,116.44907407407406,232.89814814814812,46.52024489886565,-19.050925925925938,116.0
Banner,Search Engine,Fashion,Urban,6822.505966592517,278,48.5637,139.0,1942.548,0.0407474909309381,0.1746895683453237,2.8622201356156967,12.9751654676259,202.0,202.0,0.17468956834532373,0.5,0.34937913669064746,0.005526179779747942,0.003985378203946568,0.004629629629629629,116.44907407407406,232.89814814814812,40.68487696842525,-22.550925925925938,202.0
Banner,Search Engine,Finance,Rural,6990.52501777712,265,51.5156,132.5,2060.624,0.0379084545618672,0.1943984905660377,2.57203643168283,14.551879245283017,141.0,141.0,0.19439849056603772,0.5,0.38879698113207545,0.005267761300838866,0.0044350187279098546,0.004629629629629629,116.44907407407406,232.89814814814812,45.27504845562543,-16.050925925925938,141.0
Banner,Search Engine,Finance,Suburban,5128.2526346234645,234,50.631,117.0,2025.24,0.0456295772989314,0.2163717948717948,2.310837234105588,16.30974358974359,47.0,47.0,0.21637179487179486,0.5,0.43274358974358973,0.004651532620363376,0.004936318999462069,0.004629629629629629,116.44907407407406,232.89814814814812,50.392590337132,-0.550925925925938,47.0
Banner,Search Engine,Finance,Urban,93009.68275747908,235,53.76,117.5,2150.4,0.0025266186598309,0.2287659574468085,2.185639880952381,17.30127659574468,21.0,21.0,0.2287659574468085,0.5,0.457531914893617,0.004671410964894844,0.005219080161736999,0.004629629629629629,116.44907407407406,232.89814814814812,53.27916784869976,-1.050925925925938,21.0
Banner,Search Engine,Food,Rural,5564.929803675196,267,61.4685,133.5,2458.74,0.0479790418602706,0.2302191011235955,2.171844115278557,17.41752808988764,19.0,19.0,0.2302191011235955,0.5,0.460438202247191,0.005307517989901801,0.005252232268022026,0.004629629629629629,116.44907407407406,232.89814814814812,53.61760232001664,-17.050925925925938,19.0
Banner,Search Engine,Food,Suburban,4808.850945268648,189,47.4217,94.5,1896.868,0.0393025282237026,0.2509084656084656,1.9927585894221425,19.07267724867725,3.0,3.0,0.25090846560846564,0.5,0.5018169312169313,0.0037570071164473424,0.005724240660123104,0.004629629629629629,116.44907407407406,232.89814814814812,58.43611699490496,21.949074074074062,3.0
Banner,Search Engine,Food,Urban,5978.873019545018,253,49.6894,126.5,1987.576,0.0423156670451002,0.196400790513834,2.545814600297045,14.71206324110672,132.0,132.0,0.196400790513834,0.5,0.392801581027668,0.0050292211664612575,0.004480699318029214,0.004629629629629629,116.44907407407406,232.89814814814812,45.741380405504316,-10.050925925925938,132.0
Banner,Search Engine,Health,Rural,9637.898011444511,232,45.0991,116.0,1803.964,0.0240716388287686,0.1943926724137931,2.572113412462776,14.551413793103448,142.0,142.0,0.1943926724137931,0.5,0.3887853448275862,0.0046117759313004415,0.004434885992238443,0.004629629629629629,116.44907407407406,232.89814814814812,45.27369341874201,0.44907407407406197,142.0
Banner,Search Engine,Health,Suburban,6808.515183974792,242,45.2749,121.0,1810.996,0.0355437262693627,0.1870863636363636,2.672562501518501,13.966909090909091,171.0,171.0,0.18708636363636363,0.5,0.37417272727272727,0.004810559376615116,0.004268199429161534,0.004629629629629629,116.44907407407406,232.89814814814812,43.57206763468013,-4.550925925925938,171.0
Banner,Search Engine,Health,Urban,4798.455477656255,191,42.9507,95.5,1718.028,0.0398044747709718,0.2248727748691099,2.223479477633659,16.989821989528796,31.0,31.0,0.22487277486910995,0.5,0.4497455497382199,0.0037967638055102773,0.005130260862816568,0.004629629629629629,116.44907407407406,232.89814814814812,52.37245283595113,20.949074074074062,31.0
Banner,Search Engine,Technology,Rural,5999.665233816976,218,39.6621,109.0,1586.484,0.0363353606416651,0.1819362385321101,2.74821555086594,13.554899082568806,191.0,191.0,0.1819362385321101,0.5,0.3638724770642202,0.0043334791078598976,0.00415070416866884,0.004629629629629629,116.44907407407406,232.89814814814812,42.37261303516819,7.449074074074062,191.0
Banner,Search Engine,Technology,Suburban,4095.670773686432,185,31.0356,92.5,1241.424,0.0451696462490526,0.16776,2.9804482594182167,12.4208,212.0,212.0,0.16776,0.5,0.33552,0.0036774937383214725,0.003827286619498786,0.004629629629629629,116.44907407407406,232.89814814814812,39.07099333333333,23.949074074074062,212.0
Banner,Search Engine,Technology,Urban,6707.778924151486,194,43.6591,97.0,1746.364,0.0289216448833009,0.2250469072164948,2.2217590376347656,17.003752577319588,30.0,30.0,0.22504690721649487,0.5,0.45009381443298974,0.0038563988391046794,0.005134233528548377,0.004629629629629629,116.44907407407406,232.89814814814812,52.41300793718977,19.449074074074062,30.0
Banner,Search Engine,Travel,Rural,5899.667142301163,267,46.0121,133.5,1840.484,0.0452567905205338,0.1723299625468164,2.9014107158769105,12.786397003745318,209.0,209.0,0.17232996254681646,0.5,0.3446599250936329,0.005307517989901801,0.00393154601689412,0.004629629629629629,116.44907407407406,232.89814814814812,40.135329147593275,-17.050925925925938,209.0
Banner,Search Engine,Travel,Suburban,6368.225079500886,243,41.7112,121.5,1668.448,0.0381581990219235,0.1716510288065843,2.912886706687892,12.73208230452675,211.0,211.0,0.17165102880658437,0.5,0.34330205761316873,0.0048304377211465825,0.003916056782156898,0.004629629629629629,116.44907407407406,232.89814814814812,39.97720673677793,-5.050925925925938,211.0
Banner,Search Engine,Travel,Urban,4529.369436525976,222,43.5531,111.0,1742.124,0.0490134450525797,0.1961851351351351,2.548613072318618,14.69481081081081,135.0,135.0,0.19618513513513514,0.5,0.39237027027027027,0.004412992485985767,0.004475779343390939,0.004629629629629629,116.44907407407406,232.89814814814812,45.69115466716716,5.449074074074062,135.0
Banner,Social Media,Fashion,Rural,7964.98333232517,271,63.2468,135.5,2529.872,0.0340239255617988,0.2333830258302583,2.142400880360745,17.670642066420662,18.0,18.0,0.2333830258302583,0.5,0.4667660516605166,0.00538703136802767,0.00532441423449146,0.004629629629629629,116.44907407407406,232.89814814814812,54.35447452507858,-19.050925925925938,18.0
Banner,Social Media,Fashion,Suburban,5323.588077359886,202,37.2413,101.0,1489.652,0.0379443332325173,0.1843628712871287,2.712042812683768,13.749029702970295,180.0,180.0,0.18436287128712872,0.5,0.36872574257425744,0.004015425595356419,0.004206065512694353,0.004629629629629629,116.44907407407406,232.89814814814812,42.937771310047665,15.449074074074062,180.0
Banner,Social Media,Fashion,Urban,6372.184159334081,287,56.6564,143.5,2266.256,0.0450395018134555,0.1974090592334494,2.532811827083966,14.792724738675956,124.0,124.0,0.19740905923344948,0.5,0.39481811846689896,0.00570508488053115,0.0045037020205771616,0.004629629629629629,116.44907407407406,232.89814814814812,45.97620432313847,-27.050925925925938,124.0
Banner,Social Media,Finance,Rural,7952.950733390355,235,44.403,117.5,1776.12,0.0295487810597588,0.1889489361702127,2.6462175979100517,14.115914893617022,164.0,164.0,0.18894893617021277,0.5,0.37789787234042554,0.004671410964894844,0.004310692269747172,0.004629629629629629,116.44907407407406,232.89814814814812,44.005857328605195,-1.050925925925938,164.0
Banner,Social Media,Finance,Suburban,7585.301144452452,247,51.7406,123.5,2069.624,0.0325629787527479,0.2094761133603239,2.386906993734128,15.758089068825909,73.0,73.0,0.2094761133603239,0.5,0.4189522267206478,0.004909951099272452,0.004779000511257622,0.004629629629629629,116.44907407407406,232.89814814814812,48.786598882890985,-7.050925925925938,73.0
Banner,Social Media,Finance,Urban,5553.69920334668,219,44.5161,109.5,1780.644,0.0394331763355188,0.2032698630136986,2.4597842129027474,15.26158904109589,95.0,95.0,0.20326986301369865,0.5,0.4065397260273973,0.004353357452391365,0.0046374107466599914,0.004629629629629629,116.44907407407406,232.89814814814812,47.341174670218166,6.949074074074062,95.0
Banner,Social Media,Food,Rural,5313.478499912962,266,50.773,133.0,2030.92,0.0500613675211741,0.190875939849624,2.619502491481693,14.270075187969926,155.0,155.0,0.19087593984962406,0.5,0.3817518796992481,0.005287639645370334,0.004354655046320466,0.004629629629629629,116.44907407407406,232.89814814814812,44.454652917014755,-16.550925925925938,155.0
Banner,Social Media,Food,Suburban,4561.652155767526,176,37.9924,88.0,1519.696,0.03858251221051,0.2158659090909091,2.3162527242290563,16.269272727272725,49.0,49.0,0.2158659090909091,0.5,0.4317318181818182,0.0034985886375382656,0.0049247776911634355,0.004629629629629629,116.44907407407406,232.89814814814812,50.27477047558922,28.449074074074062,49.0
Banner,Social Media,Food,Urban,7082.525008121247,261,53.5953,130.5,2143.812,0.0368512641608355,0.2053459770114942,2.434915001875164,15.42767816091954,87.0,87.0,0.20534597701149426,0.5,0.4106919540229885,0.005188247922712996,0.004684775334906994,0.004629629629629629,116.44907407407406,232.89814814814812,47.82469777564921,-14.050925925925938,87.0
Banner,Social Media,Health,Rural,9390.743515293056,252,63.3674,126.0,2534.696,0.02683493586952,0.2514579365079365,1.9884041320931585,19.11663492063492,2.0,2.0,0.2514579365079365,0.5,0.502915873015873,0.00500934282192979,0.005736776321909876,0.004629629629629629,116.44907407407406,232.89814814814812,58.56408774985302,-9.550925925925938,2.0
Banner,Social Media,Health,Suburban,5116.063979460578,214,44.9633,107.0,1798.532,0.0418290312355639,0.2101088785046729,2.37971857047859,15.80871028037383,69.0,69.0,0.21010887850467289,0.5,0.42021775700934577,0.004253965729734028,0.004793436452901948,0.004629629629629629,116.44907407407406,232.89814814814812,48.93396871322256,9.449074074074062,69.0
Banner,Social Media,Health,Urban,4637.993996011909,173,34.0175,86.5,1360.7,0.0373006088728787,0.1966329479768786,2.54280884838686,14.73063583815029,129.0,129.0,0.1966329479768786,0.5,0.3932658959537572,0.0034389536039438635,0.004485995772201409,0.004629629629629629,116.44907407407406,232.89814814814812,45.795449448726174,29.949074074074062,129.0
Banner,Social Media,Technology,Rural,5274.096362510861,178,39.0014,89.0,1560.056,0.0337498573718245,0.2191089887640449,2.281969365202275,16.528719101123595,39.0,39.0,0.21910898876404492,0.5,0.43821797752808983,0.0035383453266012005,0.004998765503746656,0.004629629629629629,116.44907407407406,232.89814814814812,51.030077725759455,27.449074074074062,39.0
Banner,Social Media,Technology,Suburban,7905.781749274231,303,55.203,151.5,2208.12,0.0383263805667056,0.1821881188118812,2.744416064344329,13.575049504950494,189.0,189.0,0.1821881188118812,0.5,0.3643762376237624,0.006023138393034628,0.004156450580355079,0.004629629629629629,116.44907407407406,232.89814814814812,42.43127548588192,-35.05092592592594,189.0
Banner,Social Media,Technology,Urban,5735.016349803772,265,54.119,132.5,2164.76,0.046207366088689,0.2042226415094339,2.448308357508453,15.33781132075472,91.0,91.0,0.20422264150943395,0.5,0.4084452830188679,0.005267761300838866,0.004659147491939401,0.004629629629629629,116.44907407407406,232.89814814814812,47.56307501747029,-16.050925925925938,91.0
Banner,Social Media,Travel,Rural,4587.588116704168,190,45.1774,95.0,1807.096,0.0414160982125179,0.2377757894736842,2.102821322165508,18.02206315789474,17.0,17.0,0.2377757894736842,0.5,0.4755515789473684,0.0037768854609788096,0.005424631005563852,0.004629629629629629,116.44907407407406,232.89814814814812,55.37754104288498,21.449074074074062,17.0
Banner,Social Media,Travel,Suburban,8235.180682908476,286,54.4243,143.0,2176.972,0.0347290497940831,0.1902947552447552,2.6275027882765607,14.22358041958042,158.0,158.0,0.19029475524475525,0.5,0.3805895104895105,0.005685206535999682,0.0043413958661722004,0.004629629629629629,116.44907407407406,232.89814814814812,44.31929609880859,-26.550925925925938,158.0
Banner,Social Media,Travel,Urban,4543.009343733093,215,45.8793,107.5,1835.172,0.0473254584643512,0.2133920930232558,2.3431046245256577,16.071367441860467,56.0,56.0,0.21339209302325582,0.5,0.42678418604651164,0.004273844074265495,0.004868339904236691,0.004629629629629629,116.44907407407406,232.89814814814812,49.698623294573636,8.949074074074062,56.0
Banner,Website,Fashion,Rural,5005.700997356058,223,45.2107,111.5,1808.428,0.0445492050199933,0.2027385650224215,2.466230339278091,15.21908520179372,98.0,98.0,0.20273856502242155,0.5,0.4054771300448431,0.004432870830517234,0.004625289682681799,0.004629629629629629,116.44907407407406,232.89814814814812,47.21743635193489,4.949074074074062,98.0
Banner,Website,Fashion,Suburban,7919.314844545221,231,52.0348,115.5,2081.392,0.0291691900795068,0.2252588744588744,2.219668375779286,17.020709956709954,29.0,29.0,0.22525887445887444,0.5,0.4505177489177489,0.004591897586768974,0.005139069361825269,0.004629629629629629,116.44907407407406,232.89814814814812,52.46237471540804,0.949074074074062,29.0
Banner,Website,Fashion,Urban,14844.2726174811,232,45.7483,116.0,1829.932,0.0156289234224106,0.197190948275862,2.5356133451953404,14.775275862068966,128.0,128.0,0.19719094827586206,0.5,0.3943818965517241,0.0046117759313004415,0.004498726024216047,0.004629629629629629,116.44907407407406,232.89814814814812,45.925406685025536,0.44907407407406197,128.0
Banner,Website,Finance,Rural,6021.588024260517,278,51.1881,139.0,2047.524,0.0461672234765911,0.1841298561151079,2.715474885764465,13.730388489208632,182.0,182.0,0.1841298561151079,0.5,0.3682597122302158,0.005526179779747942,0.004200749490698553,0.004629629629629629,116.44907407407406,232.89814814814812,42.8835025079936,-22.550925925925938,182.0
Banner,Website,Finance,Suburban,7119.394270776269,260,54.2241,130.0,2168.964,0.0365199608437545,0.2085542307692307,2.397457956886329,15.68433846153846,74.0,74.0,0.20855423076923077,0.5,0.41710846153846154,0.005168369578181529,0.004757968626984615,0.004629629629629629,116.44907407407406,232.89814814814812,48.57189413461538,-13.550925925925938,74.0
Banner,Website,Finance,Urban,7613.579304735354,277,55.823,138.5,2232.92,0.0363823622127002,0.2015270758122743,2.4810561954749835,15.12216606498195,109.0,109.0,0.20152707581227436,0.5,0.4030541516245487,0.005506301435216475,0.004597650695773934,0.004629629629629629,116.44907407407406,232.89814814814812,46.93528275839015,-22.050925925925938,109.0
Banner,Website,Food,Rural,4949.333917601609,196,32.0273,98.0,1281.092,0.0396012884285203,0.1634045918367346,3.059889531743232,12.072367346938776,216.0,216.0,0.16340459183673467,0.5,0.32680918367346934,0.0038961555281676143,0.0037279220785729327,0.004629629629629629,116.44907407407406,232.89814814814812,38.05662683767951,18.449074074074062,216.0
Banner,Website,Food,Suburban,4496.289149004214,197,40.2001,98.5,1608.004,0.0438139081966357,0.2040614213197969,2.450242661087908,15.324913705583755,92.0,92.0,0.20406142131979696,0.5,0.4081228426395939,0.003916033872699082,0.004655469404942557,0.004629629629629629,116.44907407407406,232.89814814814812,47.52552713385975,17.949074074074062,92.0
Banner,Website,Food,Urban,4746.890434311303,196,39.7538,98.0,1590.152,0.0412901883269265,0.2028255102040816,2.465173140680891,15.226040816326533,97.0,97.0,0.20282551020408163,0.5,0.40565102040816325,0.0038961555281676143,0.00462727325522828,0.004629629629629629,116.44907407407406,232.89814814814812,47.23768572373393,18.449074074074062,97.0
Banner,Website,Health,Rural,56084.4785669888,251,52.7468,125.5,2109.872,0.0044753915238812,0.2101466135458167,2.379291255583277,15.811729083665336,68.0,68.0,0.21014661354581674,0.5,0.42029322709163347,0.004989464477398322,0.0047942973423753385,0.004629629629629629,116.44907407407406,232.89814814814812,48.94275713442526,-9.050925925925938,68.0
Banner,Website,Health,Suburban,8782.930124001534,252,47.3672,126.0,1894.688,0.0286920192284517,0.1879650793650793,2.660068570656488,14.03720634920635,168.0,168.0,0.18796507936507936,0.5,0.3759301587301587,0.00500934282192979,0.004288246502068406,0.004629629629629629,116.44907407407406,232.89814814814812,43.77671890064667,-9.550925925925938,168.0
Banner,Website,Health,Urban,5193.806564673326,238,50.3957,119.0,2015.828,0.0458238089995116,0.2117466386554621,2.361312572302796,15.939731092436974,59.0,59.0,0.21174663865546217,0.5,0.42349327731092434,0.004731045998489246,0.004830800410407099,0.004629629629629629,116.44907407407406,232.89814814814812,49.31540001945222,-2.550925925925938,59.0
Banner,Website,Technology,Rural,6566.882581565425,255,49.1247,127.5,1964.988,0.0388312105223012,0.1926458823529411,2.595435697317236,14.411670588235294,148.0,148.0,0.19264588235294117,0.5,0.38529176470588233,0.005068977855524192,0.004395034619879287,0.004629629629629629,116.44907407407406,232.89814814814812,44.86686924836601,-11.050925925925938,148.0
Banner,Website,Technology,Suburban,5818.645218847787,230,43.3247,115.0,1732.988,0.0395281017056999,0.1883682608695652,2.654374987016644,14.069460869565216,165.0,165.0,0.1883682608695652,0.5,0.3767365217391304,0.004572019242237506,0.004297444708895707,0.004629629629629629,116.44907407407406,232.89814814814812,43.87061912640901,1.449074074074062,165.0
Banner,Website,Technology,Urban,5748.495310793451,238,42.6313,119.0,1705.252,0.0414021386697712,0.1791231092436974,2.791376289252263,13.329848739495798,196.0,196.0,0.17912310924369748,0.5,0.35824621848739496,0.004731045998489246,0.0040865252697390485,0.004629629629629629,116.44907407407406,232.89814814814812,41.71744043339557,-2.550925925925938,196.0
Banner,Website,Travel,Rural,6659.876236542261,291,61.3691,145.5,2454.764,0.043694505673139,0.2108903780068728,2.3709000131988245,15.87123024054983,63.0,63.0,0.21089037800687285,0.5,0.4217807560137457,0.005784598258657019,0.004811265629034011,0.004629629629629629,116.44907407407406,232.89814814814812,49.11597850006363,-29.050925925925938,63.0
Banner,Website,Travel,Suburban,5375.652554052275,257,49.4311,128.5,1977.244,0.0478081493206379,0.1923389105058365,2.599577998466553,14.387112840466925,150.0,150.0,0.19233891050583657,0.5,0.38467782101167314,0.0051087345445871265,0.004388031345898682,0.004629629629629629,116.44907407407406,232.89814814814812,44.79537607364173,-12.050925925925938,150.0
Banner,Website,Travel,Urban,6219.142985314867,279,58.1321,139.5,2325.284,0.0448614866483689,0.2083587813620071,2.399706874515113,15.668702508960576,76.0,76.0,0.20835878136200717,0.5,0.41671756272401433,0.00554605812427941,0.004753509632581564,0.004629629629629629,116.44907407407406,232.89814814814812,48.52637432961635,-23.050925925925938,76.0
Native,Search Engine,Fashion,Rural,4293.183230122002,177,37.2587,88.5,1490.348,0.0412281494901325,0.2105011299435028,2.3752841618199243,15.840090395480226,65.0,65.0,0.2105011299435028,0.5,0.4210022598870056,0.0035184669820697333,0.00480238530056118,0.004629629629629629,116.44907407407406,232.89814814814812,49.0253233469345,27.949074074074062,65.0
Native,Search Engine,Fashion,Suburban,4131.28008006858,179,40.5402,89.5,1621.6080000000002,0.0433279749934138,0.22648156424581,2.207685211222441,17.118525139664808,27.0,27.0,0.22648156424581004,0.5,0.45296312849162007,0.0035582236711326682,0.005166963879358271,0.004629629629629629,116.44907407407406,232.89814814814812,52.747136902544995,26.949074074074062,27.0
Native,Search Engine,Fashion,Urban,6575.911618229064,202,41.6149,101.0,1664.596,0.0307181744109875,0.2060143564356435,2.427015323838337,15.481148514851483,85.0,85.0,0.20601435643564356,0.5,0.4120287128712871,0.004015425595356419,0.004700023782849262,0.004629629629629629,116.44907407407406,232.89814814814812,47.98036210579391,15.449074074074062,85.0
Native,Search Engine,Finance,Rural,6278.467597000219,239,45.6939,119.5,1827.756,0.0380666135975905,0.1911878661087866,2.615228728561142,14.29502928870293,152.0,152.0,0.1911878661087866,0.5,0.3823757322175732,0.0047509243430207135,0.004361771350552482,0.004629629629629629,116.44907407407406,232.89814814814812,44.52729996513249,-3.050925925925938,152.0
Native,Search Engine,Finance,Suburban,5870.906512777036,227,43.2709,113.5,1730.836,0.0386652384101114,0.1906207048458149,2.6230099212172617,14.249656387665198,156.0,156.0,0.19062070484581498,0.5,0.38124140969162995,0.004512384208643104,0.0043488320997604624,0.004629629629629629,116.44907407407406,232.89814814814812,44.39520915728503,2.949074074074062,156.0
Native,Search Engine,Finance,Urban,7741.237490635375,296,54.5418,148.0,2181.672,0.0382367806643412,0.1842628378378378,2.713515138847636,13.741027027027028,181.0,181.0,0.18426283783783784,0.5,0.3685256756756757,0.005883989981314356,0.004203783343631566,0.004629629629629629,116.44907407407406,232.89814814814812,42.91447370495495,-31.550925925925938,181.0
Native,Search Engine,Food,Rural,6136.706893443064,242,44.6466,121.0,1785.864,0.0394348311239325,0.1844900826446281,2.710172779114199,13.759206611570248,178.0,178.0,0.1844900826446281,0.5,0.3689801652892562,0.004810559376615116,0.004208967720171736,0.004629629629629629,116.44907407407406,232.89814814814812,42.96739859963269,-4.550925925925938,178.0
Native,Search Engine,Food,Suburban,5090.582592673999,243,46.458,121.5,1858.32,0.0477352042867761,0.1911851851851851,2.615265401007361,14.294814814814814,153.0,153.0,0.19118518518518518,0.5,0.38237037037037036,0.0048304377211465825,0.00436171018780196,0.004629629629629629,116.44907407407406,232.89814814814812,44.52667558299039,-5.050925925925938,153.0
Native,Search Engine,Food,Urban,6627.283752276157,240,44.3957,120.0,1775.828,0.0362139315247474,0.1849820833333333,2.7029644762893703,13.798566666666666,177.0,177.0,0.18498208333333332,0.5,0.36996416666666665,0.00477080268755218,0.004220192253151384,0.004629629629629629,116.44907407407406,232.89814814814812,43.08198464891974,-3.550925925925938,177.0
Native,Search Engine,Health,Rural,4244.427802180544,185,34.6325,92.5,1385.3,0.0435865583353679,0.1872027027027027,2.670901609759619,13.976216216216216,170.0,170.0,0.1872027027027027,0.5,0.3744054054054054,0.0036774937383214725,0.004270853595541627,0.004629629629629629,116.44907407407406,232.89814814814812,43.59916278778778,23.949074074074062,170.0
Native,Search Engine,Health,Suburban,6933.562916130749,285,59.9739,142.5,2398.956,0.04110440814447,0.2104347368421052,2.376033574604953,15.834778947368422,66.0,66.0,0.21043473684210526,0.5,0.4208694736842105,0.005665328191468214,0.004800870604396386,0.004629629629629629,116.44907407407406,232.89814814814812,49.0098605165692,-26.050925925925938,66.0
Native,Search Engine,Health,Urban,4996.779880847205,191,38.9041,95.5,1556.164,0.0382246175646256,0.2036863874345549,2.454754126171792,15.2949109947644,94.0,94.0,0.20368638743455497,0.5,0.40737277486910994,0.0037967638055102773,0.004646913359575095,0.004629629629629629,116.44907407407406,232.89814814814812,47.43818243649408,20.949074074074062,94.0
Native,Search Engine,Technology,Rural,4860.138299661301,211,43.7007,105.5,1748.028,0.0434144024285696,0.2071123222748815,2.414148972442089,15.568985781990522,82.0,82.0,0.2071123222748815,0.5,0.414224644549763,0.0041943306961396256,0.004725072840820067,0.004629629629629629,116.44907407407406,232.89814814814812,48.23607631648235,10.949074074074062,82.0
Native,Search Engine,Technology,Suburban,4247.640814202338,179,36.0735,89.5,1442.94,0.0421410396570017,0.2015279329608938,2.4810456429234757,15.122234636871507,108.0,108.0,0.20152793296089386,0.5,0.4030558659217877,0.0035582236711326682,0.004597670250813529,0.004629629629629629,116.44907407407406,232.89814814814812,46.93548238671632,26.949074074074062,108.0
Native,Search Engine,Technology,Urban,4761.148748535375,208,41.1857,104.0,1647.428,0.0436869358605914,0.198008173076923,2.525148291761461,14.840653846153849,122.0,122.0,0.19800817307692306,0.5,0.3960163461538461,0.004134695662545223,0.004517370239441509,0.004629629629629629,116.44907407407406,232.89814814814812,46.11573682781338,12.449074074074062,122.0
Native,Search Engine,Travel,Rural,6423.47225583666,248,49.7018,124.0,1988.072,0.0386084021417942,0.2004104838709677,2.4948794611060365,15.03283870967742,113.0,113.0,0.20041048387096774,0.5,0.4008209677419355,0.00492982944380392,0.004572176700802529,0.004629629629629629,116.44907407407406,232.89814814814812,46.675230563022694,-7.550925925925938,113.0
Native,Search Engine,Travel,Suburban,6208.955376325133,275,59.0399,137.5,2361.596,0.0442908642971699,0.2146905454545454,2.328933483965928,16.175243636363636,52.0,52.0,0.21469054545454547,0.5,0.42938109090909093,0.00546654474615354,0.004897962875244861,0.004629629629629629,116.44907407407406,232.89814814814812,50.001030461279456,-21.050925925925938,52.0
Native,Search Engine,Travel,Urban,4990.407983520932,212,51.3533,106.0,2054.132,0.0424814966431713,0.2422325471698113,2.064132197930805,18.378603773584903,10.0,10.0,0.2422325471698113,0.5,0.4844650943396226,0.004214209040671093,0.00552630774076137,0.004629629629629629,116.44907407407406,232.89814814814812,56.41551165705799,10.449074074074062,10.0
Native,Social Media,Fashion,Rural,5914.668252735896,241,58.1879,120.5,2327.516,0.0407461567922296,0.2414435684647302,2.0708772786094705,18.315485477178424,11.0,11.0,0.24144356846473028,0.5,0.48288713692946056,0.004790681032083648,0.005508307933649865,0.004629629629629629,116.44907407407406,232.89814814814812,56.231759977716294,-4.050925925925938,11.0
Native,Social Media,Fashion,Suburban,5836.820353908466,217,39.2324,108.5,1569.296,0.0371777760565633,0.1807944700460829,2.765571313506184,13.463557603686636,194.0,194.0,0.18079447004608296,0.5,0.3615889400921659,0.00431360076332843,0.004124655794508509,0.004629629629629629,116.44907407407406,232.89814814814812,42.10669726915856,7.949074074074062,194.0
Native,Social Media,Fashion,Urban,5095.960705151966,224,50.9047,112.0,2036.188,0.0439563829001935,0.227253125,2.200189766367349,17.18025,23.0,23.0,0.227253125,0.5,0.45450625,0.004452749175048702,0.00518456631230201,0.004629629629629629,116.44907407407406,232.89814814814812,52.92683197337963,4.449074074074062,23.0
Native,Social Media,Finance,Rural,6407.735495695695,245,49.7921,122.5,1991.684,0.0382350364125634,0.2032330612244897,2.460229634821588,15.258644897959185,96.0,96.0,0.20323306122448978,0.5,0.40646612244897956,0.004870194410209518,0.00463657114845176,0.004629629629629629,116.44907407407406,232.89814814814812,47.33260360166288,-6.050925925925938,96.0
Native,Social Media,Finance,Suburban,9857.983958388657,296,59.7511,148.0,2390.044,0.0300264233792061,0.2018618243243243,2.476941847095702,15.148945945945943,103.0,103.0,0.20186182432432434,0.5,0.4037236486486487,0.005883989981314356,0.0046052876682409465,0.004629629629629629,116.44907407407406,232.89814814814812,47.01324506694194,-31.550925925925938,103.0
Native,Social Media,Finance,Urban,35507.38220815534,260,62.4348,130.0,2497.392,0.007322420968006,0.2401338461538461,2.082172121957626,18.21070769230769,13.0,13.0,0.24013384615384617,0.5,0.48026769230769234,0.005168369578181529,0.0054784278509382184,0.004629629629629629,116.44907407407406,232.89814814814812,55.92672807692308,-13.550925925925938,13.0
Native,Social Media,Food,Rural,6218.756950505101,256,52.5344,128.0,2101.376,0.0411657831360023,0.2052125,2.43649875129439,15.417000000000002,89.0,89.0,0.2052125,0.5,0.410425,0.00508885620005566,0.00468173018242665,0.004629629629629629,116.44907407407406,232.89814814814812,47.793611226851844,-11.550925925925938,89.0
Native,Social Media,Food,Suburban,5373.507059672071,225,41.4155,112.5,1656.62,0.0418720953562366,0.1840688888888889,2.716374304306359,13.725511111111112,183.0,183.0,0.1840688888888889,0.5,0.3681377777777778,0.0044726275195801695,0.00419935858077285,0.004629629629629629,116.44907407407406,232.89814814814812,42.86930335390946,3.949074074074062,183.0
Native,Social Media,Food,Urban,5400.397698194984,238,45.4697,119.0,1818.788,0.0440708283539096,0.1910491596638655,2.617127449708267,14.283932773109244,154.0,154.0,0.19104915966386557,0.5,0.38209831932773114,0.004731045998489246,0.004358606893466857,0.004629629629629629,116.44907407407406,232.89814814814812,44.49499549097417,-2.550925925925938,154.0
Native,Social Media,Health,Rural,4258.804771307468,178,33.0696,89.0,1322.784,0.0417957642010796,0.1857842696629213,2.691293514285023,13.862741573033707,175.0,175.0,0.18578426966292136,0.5,0.3715685393258427,0.0035383453266012005,0.004238493379794071,0.004629629629629629,116.44907407407406,232.89814814814812,43.26881235955056,27.449074074074062,175.0
Native,Social Media,Health,Suburban,8939.426518781307,308,66.2745,154.0,2650.98,0.0344541117210267,0.215176948051948,2.3236689827912693,16.214155844155844,51.0,51.0,0.21517694805194806,0.5,0.4303538961038961,0.006122530115691965,0.004909059693036518,0.004629629629629629,116.44907407407406,232.89814814814812,50.11431272546897,-37.55092592592594,51.0
Native,Social Media,Health,Urban,5223.9836366813,225,47.1359,112.5,1885.436,0.0430705790156223,0.2094928888888889,2.386715857764464,15.75943111111111,72.0,72.0,0.2094928888888889,0.5,0.4189857777777778,0.0044726275195801695,0.004779383229164226,0.004629629629629629,116.44907407407406,232.89814814814812,48.79050587242798,3.949074074074062,72.0
Native,Social Media,Technology,Rural,6135.425700071701,245,49.4496,122.5,1977.984,0.0399320294917982,0.2018351020408163,2.4772697858021093,15.146808163265309,105.0,105.0,0.2018351020408163,0.5,0.4036702040816326,0.004870194410209518,0.004604678024475372,0.004629629629629629,116.44907407407406,232.89814814814812,47.00702149659863,-6.050925925925938,105.0
Native,Social Media,Technology,Suburban,4494.527596600204,219,42.1324,109.5,1685.296,0.0487259217555273,0.1923853881278538,2.5989499767399917,14.39083105022831,149.0,149.0,0.19238538812785386,0.5,0.3847707762557077,0.004353357452391365,0.004389091689132187,0.004629629629629629,116.44907407407406,232.89814814814812,44.80620062573988,6.949074074074062,149.0
Native,Social Media,Technology,Urban,6686.725735693346,311,64.8355,155.5,2593.42,0.0465100577312301,0.2084742765273311,2.3983774321166647,15.677942122186495,75.0,75.0,0.20847427652733116,0.5,0.41694855305466233,0.006182165149286367,0.004756144546153699,0.004629629629629629,116.44907407407406,232.89814814814812,48.553272939740374,-39.05092592592594,75.0
Native,Social Media,Travel,Rural,5550.05411681467,242,46.9408,121.0,1877.632,0.0436031784387159,0.1939702479338843,2.577714908991751,14.517619834710745,143.0,143.0,0.19397024793388432,0.5,0.38794049586776863,0.004810559376615116,0.00442524877502514,0.004629629629629629,116.44907407407406,232.89814814814812,45.17531153963881,-4.550925925925938,143.0
Native,Social Media,Travel,Suburban,6160.3326098143225,237,46.5694,118.5,1862.776,0.0384719486773204,0.196495358649789,2.5445893655490512,14.719628691983123,131.0,131.0,0.19649535864978904,0.5,0.3929907172995781,0.004711167653957778,0.004482856801108445,0.004629629629629629,116.44907407407406,232.89814814814812,45.76340514924207,-2.050925925925938,131.0
Native,Social Media,Travel,Urban,5495.059125921888,235,48.3631,117.5,1934.524,0.0427656908897363,0.2058004255319149,2.4295382223223903,15.464034042553193,86.0,86.0,0.2058004255319149,0.5,0.4116008510638298,0.004671410964894844,0.004695143150485541,0.004629629629629629,116.44907407407406,232.89814814814812,47.93053799448384,-1.050925925925938,86.0
Native,Website,Fashion,Rural,6960.013106669697,201,38.9074,100.5,1556.296,0.028879255961082,0.1935691542288557,2.583056179544251,14.485532338308458,146.0,146.0,0.19356915422885573,0.5,0.38713830845771147,0.003995547250824951,0.004416098199378854,0.004629629629629629,116.44907407407406,232.89814814814812,45.081897558503776,15.949074074074062,146.0
Native,Website,Fashion,Suburban,4203.184340499297,192,38.2325,96.0,1529.3,0.0456796524839527,0.1991276041666666,2.5109527234682534,14.930208333333333,119.0,119.0,0.19912760416666667,0.5,0.39825520833333333,0.0038166421500417445,0.004542909006914247,0.004629629629629629,116.44907407407406,232.89814814814812,46.37645025559413,20.449074074074062,119.0
Native,Website,Fashion,Urban,5923.8008641930255,233,46.6243,116.5,1864.972,0.0393328549256931,0.2001042918454935,2.4986970313763424,15.008343347639483,115.0,115.0,0.20010429184549355,0.5,0.4002085836909871,0.004631654275831908,0.004565191217718989,0.004629629629629629,116.44907407407406,232.89814814814812,46.60391900731203,-0.05092592592593803,115.0
Native,Website,Finance,Rural,7020.2350115011095,307,67.0828,153.5,2683.312,0.0437307297401081,0.2185107491856677,2.2882169497993523,16.48085993485342,41.0,41.0,0.21851074918566776,0.5,0.4370214983713355,0.006102651771160498,0.004985117230418226,0.004629629629629629,116.44907407407406,232.89814814814812,50.89074883580649,-37.05092592592594,41.0
Native,Website,Finance,Suburban,8128.530747983493,271,60.101,135.5,2404.04,0.0333393584156926,0.2217749077490775,2.2545381940400326,16.741992619926197,37.0,37.0,0.2217749077490775,0.5,0.443549815498155,0.00538703136802767,0.0050595859380580714,0.004629629629629629,116.44907407407406,232.89814814814812,51.650965320486534,-19.050925925925938,37.0
Native,Website,Finance,Urban,3296.57079114047,154,31.0672,77.0,1242.688,0.0467152109743478,0.2017350649350649,2.4784982232064685,15.138805194805196,107.0,107.0,0.20173506493506493,0.5,0.40347012987012987,0.0030612650578459824,0.004602395771993877,0.004629629629629629,116.44907407407406,232.89814814814812,46.983723039923035,39.44907407407406,107.0
Native,Website,Food,Rural,6640.809327889685,254,54.9704,127.0,2198.816,0.038248350081859,0.2164188976377952,2.3103342889991705,16.31351181102362,46.0,46.0,0.21641889763779526,0.5,0.4328377952755905,0.005049099510992724,0.004937393604767593,0.004629629629629629,116.44907407407406,232.89814814814812,50.403560484106144,-10.550925925925938,46.0
Native,Website,Food,Suburban,4488.77333340202,187,45.6133,93.5,1824.532,0.0416594882634168,0.2439213903743315,2.0498407262793963,18.513711229946527,7.0,7.0,0.24392139037433155,0.5,0.4878427807486631,0.0037172504273844074,0.005564837110093104,0.004629629629629629,116.44907407407406,232.89814814814812,56.80884011190334,22.949074074074062,7.0
Native,Website,Food,Urban,5436.812660504085,234,49.2596,117.0,1970.384,0.0430399233175535,0.2105111111111111,2.37517154016679,15.84088888888889,64.0,64.0,0.2105111111111111,0.5,0.4210222222222222,0.004651532620363376,0.004802613011512743,0.004629629629629629,116.44907407407406,232.89814814814812,49.02764794238682,-0.550925925925938,64.0
Native,Website,Health,Rural,6312.032847748152,257,50.6977,128.5,2027.908,0.0407158844383526,0.1972673151750972,2.5346317485803103,14.781385214007782,126.0,126.0,0.19726731517509727,0.5,0.39453463035019454,0.0051087345445871265,0.0045004682631980195,0.004629629629629629,116.44907407407406,232.89814814814812,45.94319239443723,-12.050925925925938,126.0
Native,Website,Health,Suburban,3835.694892231088,161,34.852,80.5,1394.08,0.0419741414589813,0.2164720496894409,2.3097670148054634,16.31776397515528,45.0,45.0,0.21647204968944098,0.5,0.43294409937888195,0.0032004134695662544,0.004938606218835681,0.004629629629629629,116.44907407407406,232.89814814814812,50.415939498504706,35.94907407407406,45.0
Native,Website,Health,Urban,5043.172169765723,225,40.9107,112.5,1636.428,0.0446147766576155,0.1818253333333333,2.7498918375877217,13.546026666666666,192.0,192.0,0.18182533333333334,0.5,0.3636506666666667,0.0044726275195801695,0.004148173970866555,0.004629629629629629,116.44907407407406,232.89814814814812,42.34678341975308,3.949074074074062,192.0
Native,Website,Technology,Rural,6887.666754964668,286,56.606,143.0,2264.24,0.0415234955718276,0.1979230769230769,2.5262339681305868,14.833846153846151,123.0,123.0,0.19792307692307692,0.5,0.39584615384615385,0.005685206535999682,0.004515428850725568,0.004629629629629629,116.44907407407406,232.89814814814812,46.09591809116809,-26.550925925925938,123.0
Native,Website,Technology,Suburban,5276.702311900352,222,44.4523,111.0,1778.092,0.0420717309557773,0.2002355855855856,2.4970586448845165,15.018846846846849,114.0,114.0,0.2002355855855856,0.5,0.4004711711711712,0.004412992485985767,0.004568186560915688,0.004629629629629629,116.44907407407406,232.89814814814812,46.63449707624291,5.449074074074062,114.0
Native,Website,Technology,Urban,5917.313796964627,269,60.2896,134.5,2411.584,0.045459816604282,0.224124907063197,2.2308988614951835,16.929992565055763,34.0,34.0,0.22412490706319702,0.5,0.44824981412639403,0.005347274678964736,0.005113198962204238,0.004629629629629629,116.44907407407406,232.89814814814812,52.19827580889439,-18.050925925925938,34.0
Native,Website,Travel,Rural,7128.946822311529,228,51.1718,114.0,2046.872,0.031982283734594,0.2244377192982456,2.227789524699151,16.95501754385965,33.0,33.0,0.2244377192982456,0.5,0.4488754385964912,0.004532262553174572,0.005120335479142823,0.004629629629629629,116.44907407407406,232.89814814814812,52.27112919915529,2.449074074074062,33.0
Native,Website,Travel,Suburban,5296.988179076858,207,41.3467,103.5,1653.868,0.0390788110152202,0.1997425120772946,2.50322274812742,14.979400966183574,117.0,117.0,0.19974251207729468,0.5,0.39948502415458936,0.004114817318013756,0.004556937552566194,0.004629629629629629,116.44907407407406,232.89814814814812,46.51966116926104,12.949074074074062,117.0
Native,Website,Travel,Urban,7152.198139023144,192,43.4141,96.0,1736.564,0.0268448938728959,0.2261151041666666,2.211263161046757,17.089208333333335,28.0,28.0,0.22611510416666666,0.5,0.45223020833333333,0.0038166421500417445,0.005158603437313171,0.004629629629629629,116.44907407407406,232.89814814814812,52.66178902874228,20.449074074074062,28.0
Text,Search Engine,Fashion,Rural,6616.331594967341,220,40.3221,110.0,1612.884,0.0332510541290495,0.1832822727272727,2.7280325181476166,13.66258181818182,186.0,186.0,0.1832822727272727,0.5,0.3665645454545454,0.004373235796922832,0.004181412672868492,0.004629629629629629,116.44907407407406,232.89814814814812,42.686101906565646,6.449074074074062,186.0
Text,Search Engine,Fashion,Suburban,6697.360129175254,220,44.5564,110.0,1782.256,0.0328487636556423,0.2025290909090909,2.468781140307565,15.202327272727274,100.0,100.0,0.20252909090909088,0.5,0.40505818181818176,0.004373235796922832,0.004620510727799338,0.004629629629629629,116.44907407407406,232.89814814814812,47.168650218855205,6.449074074074062,100.0
Text,Search Engine,Fashion,Urban,8494.887596374081,343,71.8992,171.5,2875.968,0.0403772264328023,0.2096186588921282,2.385283841822997,15.769492711370262,71.0,71.0,0.20961865889212827,0.5,0.41923731778425655,0.006818272174293325,0.004782252553499779,0.004629629629629629,116.44907407407406,232.89814814814812,48.81979747327502,-55.05092592592594,71.0
Text,Search Engine,Finance,Rural,4327.847625569939,203,40.9013,101.5,1636.052,0.0469055330877705,0.2014842364532019,2.4815837149430457,15.11873891625616,110.0,110.0,0.20148423645320196,0.5,0.4029684729064039,0.004035303939887886,0.004596673356087682,0.004629629629629629,116.44907407407406,232.89814814814812,46.92530555099434,14.949074074074062,110.0
Text,Search Engine,Finance,Suburban,6411.556260494082,245,55.5903,122.5,2223.612,0.0382122514481562,0.2268991836734694,2.2036218548919506,17.151934693877553,25.0,25.0,0.2268991836734694,0.5,0.4537983673469388,0.004870194410209518,0.005176491473823718,0.004629629629629629,116.44907407407406,232.89814814814812,52.84439969387755,-6.050925925925938,25.0
Text,Search Engine,Finance,Urban,5271.137728528492,218,39.6823,109.0,1587.292,0.041357295374799,0.1820288990825688,2.7468165907722084,13.562311926605505,190.0,190.0,0.1820288990825688,0.5,0.3640577981651376,0.0043334791078598976,0.00415281813197908,0.004629629629629629,116.44907407407406,232.89814814814812,42.394193505776414,7.449074074074062,190.0
Text,Search Engine,Food,Rural,6619.995988672696,253,54.8105,126.5,2192.42,0.0382175458161759,0.2166422924901185,2.307951943514473,16.331383399209486,44.0,44.0,0.21664229249011857,0.5,0.43328458498023714,0.0050292211664612575,0.004942490148217533,0.004629629629629629,116.44907407407406,232.89814814814812,50.45558873151807,-10.050925925925938,44.0
Text,Search Engine,Food,Suburban,5941.463925867645,224,54.4702,112.0,2178.808,0.0377011461812904,0.2431705357142857,2.056170162767899,18.453642857142857,8.0,8.0,0.2431705357142857,0.5,0.4863410714285714,0.004452749175048702,0.005547707067212908,0.004629629629629629,116.44907407407406,232.89814814814812,56.63396745205026,4.449074074074062,8.0
Text,Search Engine,Food,Urban,3723.6473187176007,174,30.3188,87.0,1212.752,0.0467283781483162,0.1742459770114942,2.869506708708788,12.93967816091954,204.0,204.0,0.17424597701149425,0.5,0.3484919540229885,0.003458831948475331,0.0039752580848687715,0.004629629629629629,116.44907407407406,232.89814814814812,40.5815653682418,29.449074074074062,204.0
Text,Search Engine,Health,Rural,4544.35310889549,224,39.6829,112.0,1587.316,0.0492919442288769,0.1771558035714285,2.8223743728406947,13.172464285714286,199.0,199.0,0.17715580357142854,0.5,0.3543116071428571,0.004452749175048702,0.004041643041103265,0.004629629629629629,116.44907407407406,232.89814814814812,41.25925858548279,4.449074074074062,199.0
Text,Search Engine,Health,Suburban,5324.343190777133,210,42.5279,105.0,1701.116,0.039441484606733,0.2025138095238095,2.468967430792492,15.201104761904762,101.0,101.0,0.20251380952380954,0.5,0.4050276190476191,0.004174452351608158,0.004620162097366489,0.004629629629629629,116.44907407407406,232.89814814814812,47.16509121252204,11.449074074074062,101.0
Text,Search Engine,Health,Urban,9372.413310059394,223,37.3566,111.5,1494.264,0.0237932315426865,0.1675183856502242,2.984747005883833,12.40147085201794,213.0,213.0,0.16751838565022423,0.5,0.33503677130044845,0.004432870830517234,0.003821774415350147,0.004629629629629629,116.44907407407406,232.89814814814812,39.014721798704535,4.949074074074062,213.0
Text,Search Engine,Technology,Rural,6576.358057131619,262,55.4773,131.0,2219.092,0.0398396799146114,0.2117454198473282,2.3613261640346592,15.93963358778626,60.0,60.0,0.21174541984732825,0.5,0.4234908396946565,0.005208126267244464,0.004830772604445828,0.004629629629629629,116.44907407407406,232.89814814814812,49.31511616129488,-14.550925925925938,60.0
Text,Search Engine,Technology,Suburban,5026.7154962622735,243,60.8562,121.5,2434.248,0.0483417054696427,0.250437037037037,1.9965098050814871,19.034962962962965,4.0,4.0,0.25043703703703707,0.5,0.5008740740740741,0.0048304377211465825,0.005713485460650774,0.004629629629629629,116.44907407407406,232.89814814814812,58.32632215363512,-5.050925925925938,4.0
Text,Search Engine,Technology,Urban,3837.420448288357,203,35.1736,101.5,1406.944,0.0529001194254192,0.1732689655172413,2.885686992517115,12.86151724137931,207.0,207.0,0.17326896551724139,0.5,0.34653793103448277,0.004035303939887886,0.003952968486519638,0.004629629629629629,116.44907407407406,232.89814814814812,40.35402120051085,14.949074074074062,207.0
Text,Search Engine,Travel,Rural,7650.930580464009,275,52.0433,137.5,2081.732,0.0359433401084815,0.1892483636363636,2.6420307705314614,14.139869090909093,163.0,163.0,0.18924836363636363,0.5,0.37849672727272726,0.00546654474615354,0.0043175234257719075,0.004629629629629629,116.44907407407406,232.89814814814812,44.075593430976426,-21.050925925925938,163.0
Text,Search Engine,Travel,Suburban,6432.29588458678,286,70.5713,143.0,2822.852,0.0444631287384213,0.2467527972027972,2.0263194811488523,18.740223776223772,5.0,5.0,0.2467527972027972,0.5,0.4935055944055944,0.005685206535999682,0.005629432993908937,0.004629629629629629,116.44907407407406,232.89814814814812,57.46826951890701,-26.550925925925938,5.0
Text,Search Engine,Travel,Urban,6978.986033635254,275,49.226,137.5,1969.04,0.0394040049191438,0.1790036363636363,2.793239345061553,13.32029090909091,197.0,197.0,0.17900363636363636,0.5,0.35800727272727273,0.00546654474615354,0.0040837996083462795,0.004629629629629629,116.44907407407406,232.89814814814812,41.68961542087542,-21.050925925925938,197.0
Text,Social Media,Fashion,Rural,6296.553813201347,264,59.366,132.0,2374.64,0.0419276969326455,0.2248712121212121,2.223494929757774,16.98969696969697,32.0,32.0,0.2248712121212121,0.5,0.4497424242424242,0.0052478829563073984,0.005130225210193064,0.004629629629629629,116.44907407407406,232.89814814814812,52.3720888748597,-15.550925925925938,32.0
Text,Social Media,Fashion,Suburban,6099.189270736157,282,51.8102,141.0,2072.408,0.046235653212638,0.1837241134751773,2.7214718337315817,13.697929078014184,185.0,185.0,0.1837241134751773,0.5,0.3674482269503546,0.005605693157873812,0.004191492853974862,0.004629629629629629,116.44907407407406,232.89814814814812,42.78900579852902,-24.550925925925938,185.0
Text,Social Media,Fashion,Urban,5299.637616899718,229,46.8734,114.5,1874.936,0.0432105016519912,0.2046873362445415,2.442750045868232,15.374986899563318,90.0,90.0,0.20468733624454147,0.5,0.40937467248908294,0.004552140897706039,0.004669749065269328,0.004629629629629629,116.44907407407406,232.89814814814812,47.67130156073103,1.949074074074062,90.0
Text,Social Media,Finance,Rural,6983.736308832255,246,47.8448,123.0,1913.792,0.0352246976577403,0.1944910569105691,2.570812293080962,14.559284552845527,140.0,140.0,0.19449105691056912,0.5,0.38898211382113823,0.0048900727547409855,0.004437130542000466,0.004629629629629629,116.44907407407406,232.89814814814812,45.29660698584763,-6.550925925925938,140.0
Text,Social Media,Finance,Suburban,5916.034833332012,260,46.8792,130.0,1875.168,0.0439483551609792,0.1803046153846153,2.773084864929436,13.42436923076923,195.0,195.0,0.18030461538461537,0.5,0.36060923076923074,0.005168369578181529,0.004113480221121921,0.004629629629629629,116.44907407407406,232.89814814814812,41.99261102564102,-13.550925925925938,195.0
Text,Social Media,Finance,Urban,5876.394694494765,177,34.7338,88.5,1389.352,0.0301205091219996,0.1962361581920904,2.547950411414817,14.698892655367231,134.0,134.0,0.19623615819209042,0.5,0.39247231638418084,0.0035184669820697333,0.0044769433864475135,0.004629629629629629,116.44907407407406,232.89814814814812,45.7030378426449,27.949074074074062,134.0
Text,Social Media,Food,Rural,4053.466819730273,206,49.0639,103.0,1962.556,0.0508206947685605,0.2381742718446602,2.099303153642494,18.05394174757281,16.0,16.0,0.23817427184466017,0.5,0.47634854368932034,0.004094938973482288,0.005433722006079724,0.004629629629629629,116.44907407407406,232.89814814814812,55.47034684915497,13.449074074074062,16.0
Text,Social Media,Food,Suburban,5599.853969768872,253,54.256,126.5,2170.24,0.0451797495730843,0.2144505928853755,2.3315393689177237,16.156047430830043,53.0,53.0,0.2144505928853755,0.5,0.428901185770751,0.0050292211664612575,0.004892488583057816,0.004629629629629629,116.44907407407406,232.89814814814812,49.945145952276384,-10.050925925925938,53.0
Text,Social Media,Food,Urban,5715.880714514709,210,44.5427,105.0,1781.708,0.0367397450171997,0.2121080952380952,2.357288624174107,15.96864761904762,58.0,58.0,0.21210809523809526,0.5,0.4242161904761905,0.004174452351608158,0.0048390467023851705,0.004629629629629629,116.44907407407406,232.89814814814812,49.39958258818342,11.449074074074062,58.0
Text,Social Media,Health,Rural,6240.681371027212,272,54.9599,136.0,2198.396,0.0435849843676971,0.2020584558823529,2.474531431097946,15.164676470588237,102.0,102.0,0.20205845588235294,0.5,0.4041169117647059,0.005406909712559138,0.004609773632302785,0.004629629629629629,116.44907407407406,232.89814814814812,47.05904019267429,-19.550925925925938,102.0
Text,Social Media,Health,Suburban,4725.798002776583,220,45.6498,110.0,1825.992,0.0465529842517055,0.2074990909090909,2.409649111277596,15.599927272727273,81.0,81.0,0.2074990909090909,0.5,0.4149981818181818,0.004373235796922832,0.004733896603448533,0.004629629629629629,116.44907407407406,232.89814814814812,48.32615401515151,6.449074074074062,81.0
Text,Social Media,Health,Urban,6324.108288634981,226,54.3263,113.0,2173.052,0.0357362634675537,0.2403818584070796,2.0800238558488244,18.23054867256637,12.0,12.0,0.24038185840707965,0.5,0.4807637168141593,0.004492505864111637,0.005484086017236932,0.004629629629629629,116.44907407407406,232.89814814814812,55.984489671419205,3.449074074074062,12.0
Text,Social Media,Technology,Rural,5089.402556769809,220,44.1527,110.0,1766.108,0.0432270777455717,0.2006940909090909,2.4913538696387763,15.055527272727272,112.0,112.0,0.20069409090909093,0.5,0.40138818181818187,0.004373235796922832,0.004578646928641135,0.004629629629629629,116.44907407407406,232.89814814814812,46.741282117003365,6.449074074074062,112.0
Text,Social Media,Technology,Suburban,7201.13855614052,273,56.0366,136.5,2241.464,0.0379106717460961,0.205262271062271,2.4359079601546134,15.420981684981683,88.0,88.0,0.20526227106227107,0.5,0.41052454212454215,0.005426788057090606,0.004682865662402021,0.004629629629629629,116.44907407407406,232.89814814814812,47.80520281508615,-20.050925925925938,88.0
Text,Social Media,Technology,Urban,3099.226993125944,160,36.505,80.0,1460.2,0.0516257764774501,0.22815625,2.1914806190932747,17.2525,22.0,22.0,0.22815625,0.5,0.4563125,0.003180535125034787,0.005205170259775989,0.004629629629629629,116.44907407407406,232.89814814814812,53.13716811342592,36.44907407407406,22.0
Text,Social Media,Travel,Rural,5281.57821310304,187,40.4214,93.5,1616.856,0.035406083646754,0.2161572192513368,2.313131163195733,16.29257754010695,48.0,48.0,0.21615721925133688,0.5,0.43231443850267376,0.0037172504273844074,0.004931423658492532,0.004629629629629629,116.44907407407406,232.89814814814812,50.34261607248959,22.949074074074062,48.0
Text,Social Media,Travel,Suburban,4693.008564380237,189,34.8451,94.5,1393.804,0.0402726731492678,0.1843656084656084,2.712002548421442,13.749248677248678,179.0,179.0,0.18436560846560848,0.5,0.36873121693121697,0.0037570071164473424,0.004206127958847017,0.004629629629629629,116.44907407407406,232.89814814814812,42.938408793846754,21.949074074074062,179.0
Text,Social Media,Travel,Urban,5620.288155219815,231,49.5205,115.5,1980.82,0.0411010954634879,0.2143744588744588,2.3323674033985924,16.149956709956708,54.0,54.0,0.21437445887445886,0.5,0.4287489177489177,0.004591897586768974,0.004890751657203799,0.004629629629629629,116.44907407407406,232.89814814814812,49.927414482122806,0.949074074074062,54.0
Text,Website,Fashion,Rural,6581.474933623743,257,51.857,128.5,2074.28,0.0390489977690299,0.2017782101167315,2.477968258865727,15.142256809338525,106.0,106.0,0.20177821011673153,0.5,0.40355642023346305,0.0051087345445871265,0.004603380088734986,0.004629629629629629,116.44907407407406,232.89814814814812,46.9937714728347,-12.050925925925938,106.0
Text,Website,Fashion,Suburban,4213.055700734651,145,30.8397,72.5,1233.588,0.0344168248178431,0.2126875862068965,2.3508659293054084,16.015006896551725,57.0,57.0,0.21268758620689657,0.5,0.42537517241379313,0.002882359957062776,0.004852267243819443,0.004629629629629629,116.44907407407406,232.89814814814812,49.534544961685825,43.94907407407406,57.0
Text,Website,Fashion,Urban,4712.003718873681,195,38.1442,97.5,1525.768,0.0413836685270297,0.195611282051282,2.5560897856030538,14.648902564102563,138.0,138.0,0.19561128205128203,0.5,0.39122256410256406,0.0038762771836361467,0.004462687424999254,0.004629629629629629,116.44907407407406,232.89814814814812,45.55750534662867,18.949074074074062,138.0
Text,Website,Finance,Rural,7377.200164351284,298,62.7055,149.0,2508.2200000000003,0.0403947288078233,0.2104211409395973,2.376187096825637,15.833691275167787,67.0,67.0,0.21042114093959732,0.5,0.42084228187919465,0.005923746670377291,0.004800560426667794,0.004629629629629629,116.44907407407406,232.89814814814812,49.006694056052694,-32.55092592592594,67.0
Text,Website,Finance,Suburban,5839.994968490604,209,35.9759,104.5,1439.036,0.0357877020661231,0.1721334928229665,2.904722328002913,12.77067942583732,210.0,210.0,0.17213349282296653,0.5,0.34426698564593305,0.004154574007076691,0.003927063744926861,0.004629629629629629,116.44907407407406,232.89814814814812,40.08957171274145,11.949074074074062,210.0
Text,Website,Finance,Urban,54130.602077093776,204,37.7718,102.0,1510.872,0.0037686630514373,0.1851558823529411,2.700427302908519,13.812470588235294,176.0,176.0,0.18515588235294117,0.5,0.37031176470588234,0.004055182284419354,0.004224157314323457,0.004629629629629629,116.44907407407406,232.89814814814812,43.12246211873638,14.449074074074062,176.0
Text,Website,Food,Rural,4674.355669383413,201,47.8754,100.5,1915.016,0.0430005789496359,0.2381860696517413,2.09919917118186,18.054885572139305,15.0,15.0,0.2381860696517413,0.5,0.4763721393034826,0.003995547250824951,0.005433991161952286,0.004629629629629629,116.44907407407406,232.89814814814812,55.473094536576376,15.949074074074062,15.0
Text,Website,Food,Suburban,6608.409934257539,254,57.6797,127.0,2307.188,0.0384358722486753,0.2270854330708661,2.2018145031960987,17.166834645669294,24.0,24.0,0.22708543307086612,0.5,0.45417086614173224,0.005049099510992724,0.0051807405786552995,0.004629629629629629,116.44907407407406,232.89814814814812,52.887776833624955,-10.550925925925938,24.0
Text,Website,Food,Urban,5677.235547434199,201,38.0503,100.5,1522.012,0.0354045553193298,0.1893049751243781,2.6412406735295124,14.144398009950248,162.0,162.0,0.1893049751243781,0.5,0.3786099502487562,0.003995547250824951,0.004318814963627104,0.004629629629629629,116.44907407407406,232.89814814814812,44.08877814169891,15.949074074074062,162.0
Text,Website,Health,Rural,5861.461447772037,240,43.9695,120.0,1758.78,0.0409454198647378,0.18320625,2.7291645345068742,13.6565,187.0,187.0,0.18320625,0.5,0.3664125,0.00477080268755218,0.004179678285846146,0.004629629629629629,116.44907407407406,232.89814814814812,42.66839635416666,-3.550925925925938,187.0
Text,Website,Health,Suburban,7835.489926606273,239,49.6791,119.5,1987.164,0.0305022407327012,0.2078623430962343,2.405438101736948,15.628987447698744,79.0,79.0,0.2078623430962343,0.5,0.4157246861924686,0.0047509243430207135,0.004742183860454718,0.004629629629629629,116.44907407407406,232.89814814814812,48.41075477684797,-3.050925925925938,79.0
Text,Website,Health,Urban,6348.952196819666,245,43.1631,122.5,1726.524,0.0385890446809043,0.1761759183673469,2.8380723349342376,13.094073469387752,200.0,200.0,0.17617591836734695,0.5,0.3523518367346939,0.004870194410209518,0.004019287881767152,0.004629629629629629,116.44907407407406,232.89814814814812,41.031045136054416,-6.050925925925938,200.0
Text,Website,Technology,Rural,5447.782831937344,224,41.6206,112.0,1664.824,0.0411176449044208,0.1858062499999999,2.690975142117125,13.8645,174.0,174.0,0.18580625,0.5,0.3716125,0.004452749175048702,0.004238994840511721,0.004629629629629629,116.44907407407406,232.89814814814812,43.27393153935185,4.449074074074062,174.0
Text,Website,Technology,Suburban,6048.307819245435,209,41.6295,104.5,1665.18,0.0345551195881551,0.1991842105263158,2.51023913330691,14.934736842105265,118.0,118.0,0.1991842105263158,0.5,0.3983684210526316,0.004154574007076691,0.0045442004277706114,0.004629629629629629,116.44907407407406,232.89814814814812,46.38963377192982,11.949074074074062,118.0
Text,Website,Technology,Urban,7643.528093001885,234,44.4912,117.0,1779.648,0.0306141348802317,0.1901333333333333,2.629733520336606,14.210666666666668,159.0,159.0,0.19013333333333332,0.5,0.38026666666666664,0.004651532620363376,0.0043377131770825535,0.004629629629629629,116.44907407407406,232.89814814814812,44.28170123456789,-0.550925925925938,159.0
Text,Website,Travel,Rural,9733.106055227056,296,56.071,148.0,2242.84,0.0304116690314944,0.189429054054054,2.639510620463341,14.154324324324325,161.0,161.0,0.18942905405405405,0.5,0.3788581081081081,0.005883989981314356,0.004321645707709785,0.004629629629629629,116.44907407407406,232.89814814814812,44.11767589464464,-31.550925925925938,161.0
Text,Website,Travel,Suburban,3512.1358688437654,171,37.2992,85.5,1491.968,0.0486883214049162,0.2181239766081871,2.292274365133837,16.44991812865497,42.0,42.0,0.21812397660818714,0.5,0.4362479532163743,0.0033991969148809286,0.004976293377827736,0.004629629629629629,116.44907407407406,232.89814814814812,50.800670218756764,30.949074074074062,42.0
Text,Website,Travel,Urban,5997.161935391946,214,45.1761,107.0,1807.044,0.0356835453678664,0.2111032710280374,2.368509012508827,15.888261682242993,62.0,62.0,0.2111032710280374,0.5,0.4222065420560748,0.004253965729734028,0.0048161225830831746,0.004629629629629629,116.44907407407406,232.89814814814812,49.165560890446514,9.449074074074062,62.0
Video,Search Engine,Fashion,Rural,7909.329612942575,238,53.9102,119.0,2156.408,0.0300910458467357,0.2265134453781512,2.2073744857188435,17.1210756302521,26.0,26.0,0.22651344537815127,0.5,0.45302689075630254,0.004731045998489246,0.0051676912174080086,0.004629629629629629,116.44907407407406,232.89814814814812,52.754561959228134,-2.550925925925938,26.0
Video,Search Engine,Fashion,Suburban,3936.63784442482,168,29.4,84.0,1176.0,0.0426760110122719,0.175,2.857142857142857,13.0,201.0,201.0,0.175,0.5,0.35,0.0033395618812865264,0.003992460410182926,0.004629629629629629,116.44907407407406,232.89814814814812,40.75717592592592,32.44907407407406,201.0
Video,Search Engine,Fashion,Urban,5088.351758497708,232,45.5292,116.0,1821.168,0.0455943321160044,0.1962465517241379,2.547815467875561,14.699724137931035,133.0,133.0,0.19624655172413794,0.5,0.39249310344827587,0.0046117759313004415,0.004477180505105923,0.004629629629629629,116.44907407407406,232.89814814814812,45.70545847701149,0.44907407407406197,133.0
Video,Search Engine,Finance,Rural,6053.207034575156,234,42.6596,117.0,1706.384,0.0386571942217441,0.1823059829059829,2.7426417500398506,13.584478632478632,188.0,188.0,0.1823059829059829,0.5,0.3646119658119658,0.004651532620363376,0.004159139538809268,0.004629629629629629,116.44907407407406,232.89814814814812,42.458725815131366,-0.550925925925938,188.0
Video,Search Engine,Finance,Suburban,5205.879355180596,206,43.2556,103.0,1730.224,0.0395706442553265,0.209978640776699,2.3811945736505797,15.79829126213592,70.0,70.0,0.20997864077669903,0.5,0.41995728155339807,0.004094938973482288,0.004790465201628531,0.004629629629629629,116.44907407407406,232.89814814814812,48.90363658755843,13.449074074074062,70.0
Video,Search Engine,Finance,Urban,6108.040545428622,257,50.3169,128.5,2012.676,0.042075686644278,0.1957856031128404,2.553813927328592,14.662848249027236,137.0,137.0,0.19578560311284046,0.5,0.3915712062256809,0.0051087345445871265,0.004466664396067443,0.004629629629629629,116.44907407407406,232.89814814814812,45.59810439904885,-12.050925925925938,137.0
Video,Search Engine,Food,Rural,6900.177217713646,293,60.9326,146.5,2437.304,0.0424626775161413,0.2079610921501706,2.404295894151899,15.636887372013652,78.0,78.0,0.20796109215017064,0.5,0.4159221843003413,0.005824354947719954,0.004744436727245483,0.004629629629629629,116.44907407407406,232.89814814814812,48.433753248641125,-30.050925925925938,78.0
Video,Search Engine,Food,Suburban,7350.957808842229,229,43.6199,114.5,1744.796,0.0311524029867976,0.1904799126637554,2.6249487046050084,14.238393013100437,157.0,157.0,0.19047991266375547,0.5,0.38095982532751094,0.004552140897706039,0.004345620058543686,0.004629629629629629,116.44907407407406,232.89814814814812,44.36241891880964,1.949074074074062,157.0
Video,Search Engine,Food,Urban,9551.723020971913,209,34.7954,104.5,1391.816,0.0218808689846969,0.1664851674641148,3.003270547256246,12.318813397129189,214.0,214.0,0.16648516746411485,0.5,0.3329703349282297,0.004154574007076691,0.003798202514189446,0.004629629629629629,116.44907407407406,232.89814814814812,38.77408719652667,11.949074074074062,214.0
Video,Search Engine,Health,Rural,4360.9517180992,176,34.0413,88.0,1361.652,0.0403581629371289,0.1934164772727272,2.585095163815718,14.473318181818184,147.0,147.0,0.19341647727272726,0.5,0.3868329545454545,0.0034985886375382656,0.004412615018219481,0.004629629629629629,116.44907407407406,232.89814814814812,45.04633937815656,28.449074074074062,147.0
Video,Search Engine,Health,Suburban,4522.9446461143625,207,40.0966,103.5,1603.864,0.0457666445636986,0.193703381642512,2.5812662420255084,14.496270531400969,145.0,145.0,0.19370338164251208,0.5,0.38740676328502416,0.004114817318013756,0.004419160471578763,0.004629629629629629,116.44907407407406,232.89814814814812,45.113158874575056,12.949074074074062,145.0
Video,Search Engine,Health,Urban,5861.128145779134,246,50.8624,123.0,2034.496,0.0419714419957113,0.2067577235772357,2.4182893453710403,15.540617886178865,83.0,83.0,0.20675772357723576,0.5,0.4135154471544715,0.0048900727547409855,0.00471698300503805,0.004629629629629629,116.44907407407406,232.89814814814812,48.15349093646491,-6.550925925925938,83.0
Video,Search Engine,Technology,Rural,7864.600483614523,302,56.3667,151.0,2254.668,0.0383999162613791,0.1866447019867549,2.678886647612864,13.931576158940398,173.0,173.0,0.18664470198675498,0.5,0.37328940397350996,0.0060032600485031605,0.004258123334014341,0.004629629629629629,116.44907407407406,232.89814814814812,43.46920545437822,-34.55092592592594,173.0
Video,Search Engine,Technology,Suburban,5013.187014732439,242,52.1826,121.0,2087.304,0.0482726854770878,0.2156305785123967,2.318780589698482,16.250446280991735,50.0,50.0,0.2156305785123967,0.5,0.4312611570247934,0.004810559376615116,0.004919408845346199,0.004629629629629629,116.44907407407406,232.89814814814812,50.219962419651054,-4.550925925925938,50.0
Video,Search Engine,Technology,Urban,5050.236720506977,217,42.6453,108.5,1705.812,0.0429682828764937,0.1965221198156682,2.5442428591192936,14.721769585253456,130.0,130.0,0.1965221198156682,0.5,0.3930442396313364,0.00431360076332843,0.004483467331938747,0.004629629629629629,116.44907407407406,232.89814814814812,45.76963777521761,7.949074074074062,130.0
Video,Search Engine,Travel,Rural,5669.993722559682,224,41.1778,112.0,1647.112,0.0395062165781158,0.1838294642857142,2.7199121856922908,13.706357142857144,184.0,184.0,0.18382946428571428,0.5,0.36765892857142857,0.004452749175048702,0.004193896333633431,0.004629629629629629,116.44907407407406,232.89814814814812,42.81354180720899,4.449074074074062,184.0
Video,Search Engine,Travel,Suburban,8464.044409227921,317,76.0603,158.5,3042.412,0.0374525445133996,0.2399378548895899,2.0838729271380734,18.19502839116719,14.0,14.0,0.2399378548895899,0.5,0.4798757097791798,0.006301435216475172,0.005473956494576591,0.004629629629629629,116.44907407407406,232.89814814814812,55.881082074424576,-42.05092592592594,14.0
Video,Search Engine,Travel,Urban,6406.544299419483,204,40.5813,102.0,1623.252,0.0318424396157668,0.1989279411764705,2.513472954291755,14.914235294117647,120.0,120.0,0.19892794117647059,0.5,0.39785588235294117,0.004055182284419354,0.00453835388357861,0.004629629629629629,116.44907407407406,232.89814814814812,46.32994911492374,14.449074074074062,120.0
Video,Social Media,Fashion,Rural,4528.894964418422,220,45.4066,110.0,1816.264,0.048576971143832,0.2063936363636363,2.4225553113424043,15.51149090909091,84.0,84.0,0.20639363636363636,0.5,0.4127872727272727,0.004373235796922832,0.004708676697688624,0.004629629629629629,116.44907407407406,232.89814814814812,48.068695698653194,6.449074074074062,84.0
Video,Social Media,Fashion,Suburban,11524.495612264878,235,46.7357,117.5,1869.428,0.020391347951914,0.1988753191489361,2.5141380144086853,14.910025531914892,121.0,121.0,0.19887531914893616,0.5,0.3977506382978723,0.004671410964894844,0.004537153361512125,0.004629629629629629,116.44907407407406,232.89814814814812,46.317693542159176,-1.050925925925938,121.0
Video,Social Media,Fashion,Urban,5755.020039312049,229,51.3105,114.5,2052.42,0.0397913471083889,0.2240633187772925,2.2315120686799,16.925065502183408,35.0,35.0,0.22406331877729257,0.5,0.44812663755458515,0.004552140897706039,0.005111793883385927,0.004629629629629629,116.44907407407406,232.89814814814812,52.18393201115963,1.949074074074062,35.0
Video,Social Media,Finance,Rural,8882.839922187086,313,64.9783,156.5,2599.132,0.0352364787322357,0.2075984025559105,2.4084963749436348,15.607872204472844,80.0,80.0,0.20759840255591056,0.5,0.4151968051118211,0.006221921838349302,0.004736162305266804,0.004629629629629629,116.44907407407406,232.89814814814812,48.34928351378535,-40.05092592592594,80.0
Video,Social Media,Finance,Suburban,7778.142581797686,227,47.2904,113.5,1891.616,0.0291843454414454,0.2083277533039647,2.4000642836601087,15.66622026431718,77.0,77.0,0.20832775330396475,0.5,0.4166555066079295,0.004512384208643104,0.0047528017566196255,0.004629629629629629,116.44907407407406,232.89814814814812,48.519147952357635,2.949074074074062,77.0
Video,Social Media,Finance,Urban,6052.175100914262,231,46.4039,115.5,1856.156,0.0381680959569567,0.200882683982684,2.4890149319346,15.07061471861472,111.0,111.0,0.200882683982684,0.5,0.401765367965368,0.004591897586768974,0.004582949502240878,0.004629629629629629,116.44907407407406,232.89814814814812,46.78520509459676,0.949074074074062,111.0
Video,Social Media,Food,Rural,7130.489564574905,283,64.9854,141.5,2599.416,0.0396887194682924,0.2296303886925795,2.177412157192231,17.37043109540636,20.0,20.0,0.2296303886925795,0.5,0.459260777385159,0.00562557150240528,0.005238801347600233,0.004629629629629629,116.44907407407406,232.89814814814812,53.48049228504122,-25.050925925925938,20.0
Video,Social Media,Food,Suburban,6673.343248758454,276,61.722100000000005,138.0,2468.884,0.0413585799069077,0.2236307971014492,2.235828009740433,16.890463768115943,36.0,36.0,0.22363079710144929,0.5,0.44726159420289857,0.005486423090685008,0.005101926308143925,0.004629629629629629,116.44907407407406,232.89814814814812,52.08319851382179,-21.550925925925938,36.0
Video,Social Media,Food,Urban,5593.280137614286,241,52.9612,120.5,2118.448,0.0430874181286393,0.2197560165975103,2.2752505607878977,16.58048132780083,38.0,38.0,0.21975601659751037,0.5,0.43951203319502075,0.004790681032083648,0.005013526835228927,0.004629629629629629,116.44907407407406,232.89814814814812,51.18076930997387,-4.050925925925938,38.0
Video,Social Media,Health,Rural,3860.255912322005,172,32.2323,86.0,1289.292,0.0445566314531047,0.1873970930232558,2.6681310362586594,13.991767441860464,169.0,169.0,0.18739709302325583,0.5,0.37479418604651166,0.0034190752594123962,0.004275288427878376,0.004629629629629629,116.44907407407406,232.89814814814812,43.64443593346253,30.449074074074062,169.0
Video,Social Media,Health,Suburban,5186.2452402590125,218,42.6824,109.0,1707.296,0.0420342636919176,0.1957908256880734,2.5537458062339518,14.663266055045872,136.0,136.0,0.1957908256880734,0.5,0.3915816513761468,0.0043334791078598976,0.0044667835442094815,0.004629629629629629,116.44907407407406,232.89814814814812,45.59932072714916,7.449074074074062,136.0
Video,Social Media,Health,Urban,7708.9595498390045,292,50.6695,146.0,2026.78,0.0378780039137834,0.1735256849315068,2.8814178154511096,12.882054794520547,205.0,205.0,0.17352568493150686,0.5,0.3470513698630137,0.005804476603188486,0.003958825298508098,0.004629629629629629,116.44907407407406,232.89814814814812,40.41381067668696,-29.550925925925938,205.0
Video,Social Media,Technology,Rural,7001.359625347538,284,60.0876,142.0,2403.504,0.0405635498242104,0.2115760563380281,2.363216370765349,15.926084507042251,61.0,61.0,0.21157605633802817,0.5,0.42315211267605635,0.005645449846936747,0.00482690873526977,0.004629629629629629,116.44907407407406,232.89814814814812,49.27567171361502,-25.550925925925938,61.0
Video,Social Media,Technology,Suburban,4773.448642265956,200,39.4527,100.0,1578.108,0.0418984292046473,0.1972635,2.534680769630469,14.78108,127.0,127.0,0.1972635,0.5,0.394527,0.003975668906293484,0.0045003812235663975,0.004629629629629629,116.44907407407406,232.89814814814812,45.94230384722222,16.449074074074062,127.0
Video,Social Media,Technology,Urban,4911.551142397458,202,38.7449,101.0,1549.796,0.0411275367279181,0.1918064356435643,2.606794700721901,14.34451485148515,151.0,151.0,0.19180643564356437,0.5,0.38361287128712873,0.004015425595356419,0.0043758834327156,0.004629629629629629,116.44907407407406,232.89814814814812,44.67136366428309,15.449074074074062,151.0
Video,Social Media,Travel,Rural,4174.371516641828,165,35.8683,82.5,1434.732,0.0395269082644417,0.2173836363636363,2.3000811301344086,16.39069090909091,43.0,43.0,0.21738363636363636,0.5,0.4347672727272727,0.0032799268476921242,0.004959403211448112,0.004629629629629629,116.44907407407406,232.89814814814812,50.62824634680134,33.94907407407406,43.0
Video,Social Media,Travel,Suburban,5212.23570362351,196,34.161500000000004,98.0,1366.46,0.0376038251423937,0.1742933673469388,2.8687264903473206,12.943469387755105,203.0,203.0,0.1742933673469388,0.5,0.3485867346938776,0.0038961555281676143,0.0039763392508007,0.004629629629629629,116.44907407407406,232.89814814814812,40.59260248960695,18.449074074074062,203.0
Video,Social Media,Travel,Urban,4133.202439771441,223,42.0038,111.5,1680.152,0.0539533214860706,0.1883578475336322,2.6545217337478992,14.068627802690584,166.0,166.0,0.18835784753363227,0.5,0.37671569506726454,0.004432870830517234,0.004297207138430277,0.004629629629629629,116.44907407407406,232.89814814814812,43.86819387975419,4.949074074074062,166.0
Video,Website,Fashion,Rural,88224.89321122848,247,46.8916,123.5,1875.664,0.0027996633490803,0.1898445344129554,2.633733973675456,14.187562753036437,160.0,160.0,0.18984453441295546,0.5,0.3796890688259109,0.004909951099272452,0.004331124501333342,0.004629629629629629,116.44907407407406,232.89814814814812,44.21444050082471,-7.050925925925938,160.0
Video,Website,Fashion,Suburban,5582.553419046486,219,44.3699,109.5,1774.796,0.0392293603949795,0.2026022831050228,2.4678892672735344,15.208182648401827,99.0,99.0,0.20260228310502285,0.5,0.4052045662100457,0.004353357452391365,0.004622180538911296,0.004629629629629629,116.44907407407406,232.89814814814812,47.18569654574666,6.949074074074062,99.0
Video,Website,Fashion,Urban,5327.718285400896,211,39.42,105.5,1576.8,0.0396041961486938,0.186824644549763,2.676306443429731,13.945971563981042,172.0,172.0,0.18682464454976305,0.5,0.3736492890995261,0.0041943306961396256,0.004262228554351008,0.004629629629629629,116.44907407407406,232.89814814814812,43.51111374407583,10.949074074074062,172.0
Video,Website,Finance,Rural,7232.303102068666,249,60.4771,124.5,2419.084,0.0344288667781053,0.2428799196787148,2.0586304568175398,18.430393574297188,9.0,9.0,0.24287991967871486,0.5,0.4857598393574297,0.004949707788335388,0.005541076935689589,0.004629629629629629,116.44907407407406,232.89814814814812,56.56628351554365,-8.050925925925938,9.0
Video,Website,Finance,Suburban,4906.335727060932,204,41.178,102.0,1647.12,0.0415788913251159,0.2018529411764705,2.477050852396911,15.148235294117647,104.0,104.0,0.20185294117647057,0.5,0.40370588235294114,0.004055182284419354,0.004605085007577381,0.004629629629629629,116.44907407407406,232.89814814814812,47.01117619825707,14.449074074074062,104.0
Video,Website,Finance,Urban,8246.296862131161,235,42.6613,117.5,1706.452,0.0284976400836565,0.1815374468085106,2.754252683345327,13.52299574468085,193.0,193.0,0.18153744680851064,0.5,0.3630748936170213,0.004671410964894844,0.004141606110563814,0.004629629629629629,116.44907407407406,232.89814814814812,42.27973518124507,-1.050925925925938,193.0
Video,Website,Food,Rural,5371.329035585703,235,45.9559,117.5,1838.236,0.043750810729169,0.1955570212765957,2.556799018189177,14.64456170212766,139.0,139.0,0.19555702127659574,0.5,0.3911140425531915,0.004671410964894844,0.004461449516457763,0.004629629629629629,116.44907407407406,232.89814814814812,45.54486811268715,-1.050925925925938,139.0
Video,Website,Food,Suburban,4482.027344993664,215,45.9025,107.5,1836.1,0.0479693637389675,0.2135,2.34192037470726,16.080000000000002,55.0,55.0,0.21350000000000002,0.5,0.42700000000000005,0.004273844074265495,0.00487080170042317,0.004629629629629629,116.44907407407406,232.89814814814812,49.72375462962963,8.949074074074062,55.0
Video,Website,Food,Urban,5021.79733104219,227,44.0228,113.5,1760.912,0.0452029393135405,0.1939330396475771,2.57820947327294,14.514643171806169,144.0,144.0,0.19393303964757708,0.5,0.38786607929515415,0.004512384208643104,0.004424399902967927,0.004629629629629629,116.44907407407406,232.89814814814812,45.16664579866209,2.949074074074062,144.0
Video,Website,Health,Rural,4440.158839196484,204,38.3981,102.0,1535.924,0.0459443023071933,0.1882259803921568,2.6563814355397795,14.058078431372548,167.0,167.0,0.18822598039215685,0.5,0.3764519607843137,0.004055182284419354,0.004294198713620308,0.004629629629629629,116.44907407407406,232.89814814814812,43.83748226670297,14.449074074074062,167.0
Video,Website,Health,Suburban,5451.64362533768,232,45.7974,116.0,1831.896,0.0425559731970979,0.1974025862068965,2.532894880495399,14.792206896551724,125.0,125.0,0.19740258620689657,0.5,0.39480517241379315,0.0046117759313004415,0.004503554344564324,0.004629629629629629,116.44907407407406,232.89814814814812,45.97469676724138,0.44907407407406197,125.0
Video,Website,Health,Urban,5569.991653783489,219,36.2877,109.5,1451.508,0.0393178327028984,0.1656972602739726,3.0175514017146305,12.255780821917808,215.0,215.0,0.1656972602739726,0.5,0.3313945205479452,0.004353357452391365,0.0037802271526834953,0.004629629629629629,116.44907407407406,232.89814814814812,38.59058507102993,6.949074074074062,215.0
Video,Website,Technology,Rural,6060.460232492859,220,38.0028,110.0,1520.112,0.0363008734585008,0.17274,2.89452356142179,12.8192,208.0,208.0,0.17274,0.5,0.34548,0.004373235796922832,0.00394090063574285,0.004629629629629629,116.44907407407406,232.89814814814812,40.23082611111111,6.449074074074062,208.0
Video,Website,Technology,Suburban,6868.925363751314,244,53.3861,122.0,2135.444,0.0355222960039188,0.2187954918032786,2.285239041623194,16.503639344262293,40.0,40.0,0.21879549180327867,0.5,0.43759098360655735,0.00485031606567805,0.004991613365434817,0.004629629629629629,116.44907407407406,232.89814814814812,50.95706486414692,-5.550925925925938,40.0
Video,Website,Technology,Urban,5114.521353922696,246,60.5492,123.0,2421.968,0.0480983425382171,0.2461349593495934,2.031405864982527,18.69079674796748,6.0,6.0,0.24613495934959348,0.5,0.49226991869918696,0.0048900727547409855,0.0056153376043727755,0.004629629629629629,116.44907407407406,232.89814814814812,57.32437622704004,-6.550925925925938,6.0
Video,Website,Travel,Rural,7944.327289150448,313,63.7592,156.5,2550.368,0.0393991824112613,0.2037035143769968,2.454547735856159,15.296281150159745,93.0,93.0,0.2037035143769968,0.5,0.4074070287539936,0.006221921838349302,0.004647304094658789,0.004629629629629629,116.44907407407406,232.89814814814812,47.44217126967222,-40.05092592592594,93.0
Video,Website,Travel,Suburban,7974.882475533688,186,49.5159,93.0,1980.636,0.0233232277178545,0.2662145161290322,1.8781845831339024,20.29716129032258,1.0,1.0,0.26621451612903224,0.5,0.5324290322580645,0.00369737208285294,0.006073433807206658,0.004629629629629629,116.44907407407406,232.89814814814812,62.00086781660692,23.449074074074062,1.0
Video,Website,Travel,Urban,4361.091552590325,193,33.4896,96.5,1339.584,0.0442549755428466,0.173521243523316,2.881491567531413,12.881699481865285,206.0,206.0,0.17352124352331608,0.5,0.34704248704663215,0.0038365204945732118,0.003958723971957428,0.004629629629629629,116.44907407407406,232.89814814814812,40.41277628094416,19.949074074074062,206.0
